name,category,unit,calories,protein_g,carbs_g,fat_g,fibre_g,allergen_tags,source,source_code,data_confidence
"Alaska Pollock, raw",Proteins,100g,78.48,17.33,0.06,0.99,0.0,,USDA FoodData Central - Foundation Foods (2026-04-30),USDA_2768188,measured
"Almond butter, creamy",Proteins,100g,645.46,20.79,21.24,53.04,9.72,"Dairy, Nuts",USDA FoodData Central - Foundation Foods (2026-04-30),USDA_2262074,measured
"Apples, fuji, with skin, raw",Fruits,100g,65.0,0.15,15.7,0.16,2.1,,USDA FoodData Central - Foundation Foods (2026-04-30),USDA_1105897,measured
"Apples, fuji, with skin, raw",Fruits,100g,64.66,0.15,15.65,0.16,2.08,,USDA FoodData Central - Foundation Foods (2026-04-30),USDA_1750340,measured
"Apples, gala, with skin, raw",Fruits,100g,61.0,0.13,14.8,0.15,2.1,,USDA FoodData Central - Foundation Foods (2026-04-30),USDA_1105781,measured
"Apples, gala, with skin, raw",Fruits,100g,60.95,0.13,14.77,0.15,2.11,,USDA FoodData Central - Foundation Foods (2026-04-30),USDA_1750341,measured
"Apples, granny smith, with skin, raw",Fruits,100g,59.0,0.27,14.2,0.14,2.5,,USDA FoodData Central - Foundation Foods (2026-04-30),USDA_1105664,measured
"Apples, granny smith, with skin, raw",Fruits,100g,58.87,0.27,14.14,0.14,2.51,,USDA FoodData Central - Foundation Foods (2026-04-30),USDA_1750342,measured
"Apples, honeycrisp, with skin, raw",Fruits,100g,60.0,0.1,14.7,0.1,1.7,,USDA FoodData Central - Foundation Foods (2026-04-30),USDA_1105547,measured
"Apples, honeycrisp, with skin, raw",Fruits,100g,60.03,0.1,14.68,0.1,1.72,,USDA FoodData Central - Foundation Foods (2026-04-30),USDA_1750343,measured
"Apples, red delicious, with skin, raw",Fruits,100g,62.0,0.19,14.8,0.21,2.0,,USDA FoodData Central - Foundation Foods (2026-04-30),USDA_1105430,measured
"Apples, red delicious, with skin, raw",Fruits,100g,61.79,0.19,14.78,0.21,2.04,,USDA FoodData Central - Foundation Foods (2026-04-30),USDA_1750339,measured
"Apricot, with skin, raw",Fruits,100g,48.44,0.96,10.24,0.4,1.51,,USDA FoodData Central - Foundation Foods (2026-04-30),USDA_2710815,measured
"Arugula, baby, raw",Vegetables,100g,30.99,1.65,5.37,0.32,2.28,,USDA FoodData Central - Foundation Foods (2026-04-30),USDA_2710822,measured
"Asparagus, green, raw",Vegetables,100g,28.1,1.44,5.1,0.22,1.88,,USDA FoodData Central - Foundation Foods (2026-04-30),USDA_2710823,measured
"Bananas, overripe, raw",Fruits,100g,85.0,0.73,20.1,0.22,1.7,,USDA FoodData Central - Foundation Foods (2026-04-30),USDA_790774,measured
"Bananas, ripe and slightly ripe, raw",Fruits,100g,97.0,0.74,23.0,0.29,1.7,,USDA FoodData Central - Foundation Foods (2026-04-30),USDA_790991,measured
"Beans, black, canned, sodium added, drained and rinsed",Legumes,100g,118.36,6.91,19.81,1.27,6.69,,USDA FoodData Central - Foundation Foods (2026-04-30),USDA_2644285,measured
"Beans, cannellini, canned, sodium added, drained and rinsed",Legumes,100g,115.44,7.41,18.82,1.17,6.76,,USDA FoodData Central - Foundation Foods (2026-04-30),USDA_2644287,measured
"Beans, great northern, canned, sodium added, drained and rinsed",Legumes,100g,116.83,7.03,19.33,1.27,6.91,,USDA FoodData Central - Foundation Foods (2026-04-30),USDA_2644294,measured
"Beans, kidney, dark red, canned, sodium added, sugar added, drained and rinsed",Legumes,100g,126.62,7.8,21.03,1.26,7.01,,USDA FoodData Central - Foundation Foods (2026-04-30),USDA_2644289,measured
"Beans, kidney, light red, canned, sodium added, sugar added, drained and rinsed",Legumes,100g,126.7,7.31,21.45,1.3,7.4,,USDA FoodData Central - Foundation Foods (2026-04-30),USDA_2644290,measured
"Beans, navy, canned, sodium added, drained and rinsed",Legumes,100g,118.79,6.57,19.98,1.4,6.85,,USDA FoodData Central - Foundation Foods (2026-04-30),USDA_2644286,measured
"Beans, pinto, canned, sodium added, drained and rinsed",Legumes,100g,116.57,6.69,19.6,1.27,7.09,,USDA FoodData Central - Foundation Foods (2026-04-30),USDA_2644292,measured
"Beans, snap, green, raw",Vegetables,100g,40.0,1.97,7.41,0.28,3.01,,USDA FoodData Central - Foundation Foods (2026-04-30),USDA_2346400,measured
"Beet greens, raw",Vegetables,100g,26.37,1.61,4.66,0.14,2.58,,USDA FoodData Central - Foundation Foods (2026-04-30),USDA_2747653,measured
"Beets, raw",Vegetables,100g,44.62,1.69,8.79,0.3,3.12,,USDA FoodData Central - Foundation Foods (2026-04-30),USDA_2685576,measured
"Blackeye pea, canned, sodium added, drained and rinsed",Legumes,100g,116.03,6.92,19.17,1.3,4.34,,USDA FoodData Central - Foundation Foods (2026-04-30),USDA_2644293,measured
"Bread, white, commercially prepared",Grains,100g,270.0,9.43,49.2,3.59,2.3,Gluten,USDA FoodData Central - Foundation Foods (2026-04-30),USDA_325871,measured
"Bread, whole-wheat, commercially prepared",Grains,100g,254.0,12.3,43.1,3.55,6.0,Gluten,USDA FoodData Central - Foundation Foods (2026-04-30),USDA_335240,measured
"Broccoli, raw",Vegetables,100g,31.0,2.57,6.27,0.34,2.4,,USDA FoodData Central - Foundation Foods (2026-04-30),USDA_747447,measured
"Broccoli, raw",Vegetables,100g,32.0,2.57,6.29,0.34,2.4,,USDA FoodData Central - Foundation Foods (2026-04-30),USDA_321900,measured
"Brussels sprouts, raw",Vegetables,100g,59.48,3.98,9.62,0.56,4.78,,USDA FoodData Central - Foundation Foods (2026-04-30),USDA_2685575,measured
"Buckwheat, whole grain",Grains,100g,356.14,11.07,71.13,3.04,4.05,Gluten,USDA FoodData Central - Foundation Foods (2026-04-30),USDA_2512378,measured
"Bulgur, dry, raw",Grains,100g,372.34,11.76,75.88,2.42,11.72,,USDA FoodData Central - Foundation Foods (2026-04-30),USDA_2710820,measured
"Cabbage, bok choy, raw",Vegetables,100g,20.26,1.02,3.51,0.23,1.26,,USDA FoodData Central - Foundation Foods (2026-04-30),USDA_2685572,measured
"Carrots, baby, raw",Vegetables,100g,40.77,0.8,9.08,0.14,2.69,,USDA FoodData Central - Foundation Foods (2026-04-30),USDA_2258587,measured
"Carrots, frozen, unprepared",Vegetables,100g,37.0,0.81,7.92,0.47,3.2,,USDA FoodData Central - Foundation Foods (2026-04-30),USDA_746764,measured
"Carrots, frozen, unprepared (Includes foods for USDA's Food Distribution Program)",Vegetables,100g,37.0,0.81,7.92,0.47,3.2,,USDA FoodData Central - Foundation Foods (2026-04-30),USDA_326458,measured
"Carrots, mature, raw",Vegetables,100g,47.99,0.94,10.27,0.35,3.1,,USDA FoodData Central - Foundation Foods (2026-04-30),USDA_2258586,measured
"Cauliflower, raw",Vegetables,100g,27.59,1.64,4.72,0.24,1.95,,USDA FoodData Central - Foundation Foods (2026-04-30),USDA_2685573,measured
"Chickpeas (garbanzo beans, bengal gram), canned, sodium added, drained and rinsed",Legumes,100g,137.22,7.02,20.32,3.1,5.92,,USDA FoodData Central - Foundation Foods (2026-04-30),USDA_2644288,measured
"Collards, raw",Vegetables,100g,46.89,2.97,7.02,0.77,3.82,,USDA FoodData Central - Foundation Foods (2026-04-30),USDA_2685574,measured
"Cookies, oatmeal, soft, with raisins",Grains,100g,430.0,5.79,69.6,14.3,3.3,,USDA FoodData Central - Foundation Foods (2026-04-30),USDA_333008,measured
"Corn flour, masa harina, white or yellow, dry, raw",Grains,100g,376.07,7.56,76.69,4.34,7.04,Gluten,USDA FoodData Central - Foundation Foods (2026-04-30),USDA_2710835,measured
"Corn, sweet, yellow and white kernels,  fresh, raw",Vegetables,100g,84.55,2.79,14.69,1.63,2.43,,USDA FoodData Central - Foundation Foods (2026-04-30),USDA_2710826,measured
"Eggplant, raw",Vegetables,100g,26.08,0.85,5.4,0.12,2.45,Eggs,USDA FoodData Central - Foundation Foods (2026-04-30),USDA_2685577,measured
"Eggs, Grade A, Large, egg whole",Dairy,100g,148.0,12.4,0.96,9.96,0.0,Eggs,USDA FoodData Central - Foundation Foods (2026-04-30),USDA_748967,measured
"Einkorn, grain, dry, raw",Grains,100g,369.38,15.12,68.65,3.81,8.91,,USDA FoodData Central - Foundation Foods (2026-04-30),USDA_2710827,measured
"Farro, pearled, dry, raw",Grains,100g,367.01,12.64,72.13,3.1,7.31,,USDA FoodData Central - Foundation Foods (2026-04-30),USDA_2710828,measured
"Fennel, bulb, raw",Vegetables,100g,26.89,0.92,5.49,0.14,2.05,,USDA FoodData Central - Foundation Foods (2026-04-30),USDA_2747655,measured
"Figs, dried, uncooked",Fruits,100g,249.0,3.3,63.9,0.92,9.8,,USDA FoodData Central - Foundation Foods (2026-04-30),USDA_326905,measured
"Flaxseed, ground",Proteins,100g,545.08,18.04,34.36,37.28,23.13,,USDA FoodData Central - Foundation Foods (2026-04-30),USDA_2262075,measured
"Flour, 00",Grains,100g,357.06,11.4,74.45,1.52,2.66,Gluten,USDA FoodData Central - Foundation Foods (2026-04-30),USDA_2003586,measured
"Flour, almond",Proteins,100g,622.04,26.24,16.25,50.23,9.27,"Gluten, Nuts",USDA FoodData Central - Foundation Foods (2026-04-30),USDA_2261420,measured
"Flour, amaranth",Grains,100g,384.08,13.21,68.78,6.24,7.21,Gluten,USDA FoodData Central - Foundation Foods (2026-04-30),USDA_2512371,measured
"Flour, barley",Grains,100g,366.53,8.72,77.4,2.45,12.79,Gluten,USDA FoodData Central - Foundation Foods (2026-04-30),USDA_2512376,measured
"Flour, buckwheat",Grains,100g,357.97,8.88,75.02,2.48,10.35,Gluten,USDA FoodData Central - Foundation Foods (2026-04-30),USDA_2512374,measured
"Flour, cassava",Vegetables,100g,357.37,0.92,87.31,0.49,4.83,Gluten,USDA FoodData Central - Foundation Foods (2026-04-30),USDA_2512377,measured
"Flour, chestnut",Proteins,100g,384.67,5.29,80.45,4.64,8.71,Gluten,USDA FoodData Central - Foundation Foods (2026-04-30),USDA_2515377,measured
"Flour, coconut",Proteins,100g,437.68,16.14,58.9,15.28,34.24,Gluten,USDA FoodData Central - Foundation Foods (2026-04-30),USDA_2515382,measured
"Flour, corn, yellow, fine meal, enriched",Grains,100g,364.0,6.2,80.8,1.74,4.3,Gluten,USDA FoodData Central - Foundation Foods (2026-04-30),USDA_790276,measured
"Flour, oat, whole grain",Grains,100g,389.12,13.17,69.92,6.31,10.5,Gluten,USDA FoodData Central - Foundation Foods (2026-04-30),USDA_2261421,measured
"Flour, potato",Vegetables,100g,360.78,8.11,79.94,0.95,5.4,Gluten,USDA FoodData Central - Foundation Foods (2026-04-30),USDA_2261422,measured
"Flour, quinoa",Grains,100g,385.2,11.92,69.52,6.6,6.3,Gluten,USDA FoodData Central - Foundation Foods (2026-04-30),USDA_2512372,measured
"Flour, rice, white, unenriched",Grains,100g,359.0,6.94,79.8,1.3,0.5,Gluten,USDA FoodData Central - Foundation Foods (2026-04-30),USDA_790214,measured
"Flour, rye",Grains,100g,359.4,8.4,77.16,1.91,13.68,Gluten,USDA FoodData Central - Foundation Foods (2026-04-30),USDA_2512375,measured
"Flour, semolina, coarse and semi-coarse",Grains,100g,356.59,11.73,73.82,1.6,3.22,Gluten,USDA FoodData Central - Foundation Foods (2026-04-30),USDA_2003588,measured
"Flour, semolina, fine",Grains,100g,357.81,13.33,71.99,1.84,3.68,Gluten,USDA FoodData Central - Foundation Foods (2026-04-30),USDA_2003589,measured
"Flour, sorghum",Grains,100g,374.93,8.27,77.39,3.59,6.02,Gluten,USDA FoodData Central - Foundation Foods (2026-04-30),USDA_2512373,measured
"Flour, soy, defatted",Legumes,100g,366.0,51.1,32.9,3.33,24.3,"Gluten, Soy",USDA FoodData Central - Foundation Foods (2026-04-30),USDA_1104705,measured
"Flour, spelt, whole grain",Grains,100g,363.68,14.48,70.72,2.54,9.34,Gluten,USDA FoodData Central - Foundation Foods (2026-04-30),USDA_2003587,measured
"Flour, wheat, all-purpose, unenriched, unbleached",Grains,100g,362.0,12.0,74.6,1.7,3.0,Gluten,USDA FoodData Central - Foundation Foods (2026-04-30),USDA_790018,measured
"Flour, whole wheat, unenriched",Grains,100g,370.0,15.1,71.2,2.73,10.6,Gluten,USDA FoodData Central - Foundation Foods (2026-04-30),USDA_790085,measured
"Fonio, grain, dry, raw",Grains,100g,369.13,7.17,81.31,1.69,2.2,,USDA FoodData Central - Foundation Foods (2026-04-30),USDA_2710829,measured
"Garlic, raw",Vegetables,100g,143.0,6.62,28.2,0.38,2.7,,USDA FoodData Central - Foundation Foods (2026-04-30),USDA_1104647,measured
"Grapefruit juice, white, canned or bottled, unsweetened",Fruits,100g,37.0,0.55,7.59,0.7,0.2,,USDA FoodData Central - Foundation Foods (2026-04-30),USDA_325287,measured
"Hummus, commercial",Legumes,100g,229.0,7.35,14.9,17.1,5.4,,USDA FoodData Central - Foundation Foods (2026-04-30),USDA_321358,measured
"Kale, raw",Vegetables,100g,35.0,2.92,4.42,1.49,4.1,,USDA FoodData Central - Foundation Foods (2026-04-30),USDA_323505,measured
"Khorasan, grain, dry, raw",Grains,100g,371.4,14.76,71.79,2.8,10.52,,USDA FoodData Central - Foundation Foods (2026-04-30),USDA_2710830,measured
"Kiwifruit (kiwi), green, peeled, raw",Fruits,100g,65.06,1.01,13.82,0.64,2.13,,USDA FoodData Central - Foundation Foods (2026-04-30),USDA_2710831,measured
"Kiwifruit, green, raw",Fruits,100g,58.0,1.06,14.0,0.44,3.0,,USDA FoodData Central - Foundation Foods (2026-04-30),USDA_327046,measured
"Lettuce, cos or romaine, raw",Vegetables,100g,17.0,1.24,3.24,0.26,1.8,,USDA FoodData Central - Foundation Foods (2026-04-30),USDA_327923,measured
"Mandarin, seedless, peeled, raw",Fruits,100g,61.96,1.04,13.42,0.46,1.33,,USDA FoodData Central - Foundation Foods (2026-04-30),USDA_2710832,measured
"Mango, Ataulfo, peeled, raw",Fruits,100g,78.47,0.69,17.4,0.68,1.29,,USDA FoodData Central - Foundation Foods (2026-04-30),USDA_2710834,measured
"Mango, Tommy Atkins, peeled, raw",Fruits,100g,68.46,0.56,15.26,0.57,1.75,,USDA FoodData Central - Foundation Foods (2026-04-30),USDA_2710833,measured
"Melons, cantaloupe, raw",Fruits,100g,34.0,0.82,8.16,0.18,0.8,,USDA FoodData Central - Foundation Foods (2026-04-30),USDA_327198,measured
"Millet, whole grain",Grains,100g,375.62,10.02,74.45,4.19,2.62,,USDA FoodData Central - Foundation Foods (2026-04-30),USDA_2512379,measured
"Mushroom, beech",Vegetables,100g,39.8,2.18,6.76,0.45,3.14,,USDA FoodData Central - Foundation Foods (2026-04-30),USDA_2003603,measured
"Mushroom, crimini",Vegetables,100g,30.2,3.09,4.01,0.2,1.78,,USDA FoodData Central - Foundation Foods (2026-04-30),USDA_2003601,measured
"Mushroom, enoki",Vegetables,100g,44.44,2.42,8.14,0.24,2.94,,USDA FoodData Central - Foundation Foods (2026-04-30),USDA_2003600,measured
"Mushroom, king oyster",Vegetables,100g,46.4,2.41,8.5,0.31,3.01,,USDA FoodData Central - Foundation Foods (2026-04-30),USDA_2003599,measured
"Mushroom, lion's mane",Vegetables,100g,42.67,2.5,7.59,0.26,4.38,,USDA FoodData Central - Foundation Foods (2026-04-30),USDA_1999626,measured
"Mushroom, maitake",Vegetables,100g,37.62,2.2,6.6,0.26,3.07,,USDA FoodData Central - Foundation Foods (2026-04-30),USDA_2003602,measured
"Mushroom, oyster",Vegetables,100g,41.05,2.9,6.94,0.19,2.85,,USDA FoodData Central - Foundation Foods (2026-04-30),USDA_1999627,measured
"Mushroom, pioppini",Vegetables,100g,39.21,3.5,5.76,0.24,2.75,,USDA FoodData Central - Foundation Foods (2026-04-30),USDA_2003604,measured
"Mushroom, portabella",Vegetables,100g,32.44,2.75,4.66,0.31,1.88,,USDA FoodData Central - Foundation Foods (2026-04-30),USDA_2003598,measured
"Mushrooms, shiitake",Vegetables,100g,44.1,2.41,8.17,0.2,4.17,,USDA FoodData Central - Foundation Foods (2026-04-30),USDA_1999628,measured
"Mushrooms, white button",Vegetables,100g,31.22,2.89,4.08,0.37,1.72,,USDA FoodData Central - Foundation Foods (2026-04-30),USDA_1999629,measured
"Nectarines, raw",Fruits,100g,39.0,1.06,9.18,0.28,1.5,,USDA FoodData Central - Foundation Foods (2026-04-30),USDA_327357,measured
"Nuts, almonds, dry roasted, with salt added",Proteins,100g,620.0,20.4,16.2,57.8,11.0,Nuts,USDA FoodData Central - Foundation Foods (2026-04-30),USDA_323294,measured
"Nuts, almonds, whole, raw",Proteins,100g,625.75,21.45,20.03,51.09,10.78,Nuts,USDA FoodData Central - Foundation Foods (2026-04-30),USDA_2346393,measured
"Nuts, brazilnuts, raw",Proteins,100g,663.59,15.04,21.64,57.43,5.98,,USDA FoodData Central - Foundation Foods (2026-04-30),USDA_2515373,measured
"Nuts, cashew nuts, raw",Proteins,100g,564.66,17.44,36.29,38.86,4.1,Nuts,USDA FoodData Central - Foundation Foods (2026-04-30),USDA_2515374,measured
"Nuts, hazelnuts or filberts, raw",Proteins,100g,641.39,13.49,26.5,53.49,8.41,Nuts,USDA FoodData Central - Foundation Foods (2026-04-30),USDA_2515375,measured
"Nuts, macadamia nuts, raw",Proteins,100g,711.89,7.79,24.09,64.93,7.56,,USDA FoodData Central - Foundation Foods (2026-04-30),USDA_2515378,measured
"Nuts, pecans, halves, raw",Proteins,100g,750.15,9.96,12.7,73.28,5.79,Nuts,USDA FoodData Central - Foundation Foods (2026-04-30),USDA_2346395,measured
"Nuts, pine nuts, raw",Proteins,100g,688.61,15.7,18.59,61.27,3.94,,USDA FoodData Central - Foundation Foods (2026-04-30),USDA_2346392,measured
"Nuts, pistachio nuts, raw",Proteins,100g,597.98,20.51,27.69,45.02,6.97,Nuts,USDA FoodData Central - Foundation Foods (2026-04-30),USDA_2515379,measured
"Nuts, walnuts, English, halves, raw",Proteins,100g,729.56,14.56,10.91,69.74,5.21,Nuts,USDA FoodData Central - Foundation Foods (2026-04-30),USDA_2346394,measured
"Oats, whole grain, rolled, old fashioned",Grains,100g,381.63,13.5,68.66,5.89,10.42,,USDA FoodData Central - Foundation Foods (2026-04-30),USDA_2346396,measured
"Oats, whole grain, steel cut",Grains,100g,381.25,12.51,69.75,5.8,11.95,,USDA FoodData Central - Foundation Foods (2026-04-30),USDA_2346397,measured
"Olives, green, Manzanilla, stuffed with pimiento",Fruits,100g,130.0,1.15,4.96,12.9,4.0,,USDA FoodData Central - Foundation Foods (2026-04-30),USDA_332791,measured
"Onion rings, breaded, par fried, frozen, prepared, heated in oven",Vegetables,100g,288.0,4.52,36.3,14.4,2.4,Gluten,USDA FoodData Central - Foundation Foods (2026-04-30),USDA_324317,measured
"Onions, red, raw",Vegetables,100g,44.0,0.94,9.93,0.1,2.2,,USDA FoodData Central - Foundation Foods (2026-04-30),USDA_790577,measured
"Onions, white, raw",Vegetables,100g,35.0,0.89,7.68,0.13,1.2,,USDA FoodData Central - Foundation Foods (2026-04-30),USDA_1104962,measured
"Onions, yellow, raw",Vegetables,100g,38.0,0.83,8.61,0.05,1.9,,USDA FoodData Central - Foundation Foods (2026-04-30),USDA_790646,measured
"Oranges, raw, navels",Fruits,100g,47.0,0.91,11.8,0.15,2.0,,USDA FoodData Central - Foundation Foods (2026-04-30),USDA_746771,measured
"Oranges, raw, navels (Includes foods for USDA's Food Distribution Program)",Fruits,100g,47.0,0.91,11.8,0.15,2.0,,USDA FoodData Central - Foundation Foods (2026-04-30),USDA_327501,measured
"Parsnips, raw",Vegetables,100g,87.07,1.27,19.29,0.54,5.35,,USDA FoodData Central - Foundation Foods (2026-04-30),USDA_2747659,measured
"Peaches, yellow, raw",Fruits,100g,42.0,0.91,10.1,0.27,1.5,,USDA FoodData Central - Foundation Foods (2026-04-30),USDA_325430,measured
"Peanut butter, creamy",Legumes,100g,631.65,23.99,22.7,49.43,6.32,"Dairy, Nuts",USDA FoodData Central - Foundation Foods (2026-04-30),USDA_2262072,measured
"Peanut butter, smooth style, with salt",Legumes,100g,597.0,22.5,22.3,51.1,4.8,"Dairy, Nuts",USDA FoodData Central - Foundation Foods (2026-04-30),USDA_324860,measured
"Peanuts, raw",Legumes,100g,588.33,23.2,26.5,43.28,8.01,Nuts,USDA FoodData Central - Foundation Foods (2026-04-30),USDA_2515376,measured
"Pear, Anjou, green, with skin, raw",Fruits,100g,63.66,0.31,14.77,0.37,2.64,,USDA FoodData Central - Foundation Foods (2026-04-30),USDA_2710836,measured
"Pears, raw, bartlett",Fruits,100g,57.0,0.38,15.1,0.16,3.1,,USDA FoodData Central - Foundation Foods (2026-04-30),USDA_746773,measured
"Pears, raw, bartlett (Includes foods for USDA's Food Distribution Program)",Fruits,100g,57.0,0.38,15.1,0.16,3.1,,USDA FoodData Central - Foundation Foods (2026-04-30),USDA_332597,measured
"Peas, green, sweet, canned, sodium added, sugar added, drained and rinsed",Vegetables,100g,80.14,4.73,12.71,1.15,5.95,,USDA FoodData Central - Foundation Foods (2026-04-30),USDA_2644291,measured
"Peppers, banana or Hungarian wax, seeded, raw",Vegetables,100g,23.94,0.72,4.97,0.13,1.79,,USDA FoodData Central - Foundation Foods (2026-04-30),USDA_2747660,measured
"Peppers, bell, green, raw",Vegetables,100g,22.93,0.72,4.78,0.11,0.94,,USDA FoodData Central - Foundation Foods (2026-04-30),USDA_2258588,measured
"Peppers, bell, orange, raw",Vegetables,100g,31.74,0.88,6.7,0.16,0.97,,USDA FoodData Central - Foundation Foods (2026-04-30),USDA_2258591,measured
"Peppers, bell, red, raw",Vegetables,100g,31.33,0.9,6.65,0.13,1.16,,USDA FoodData Central - Foundation Foods (2026-04-30),USDA_2258590,measured
"Peppers, bell, yellow, raw",Vegetables,100g,30.77,0.82,6.6,0.12,1.07,,USDA FoodData Central - Foundation Foods (2026-04-30),USDA_2258589,measured
"Peppers, jalapeno, seeded, raw",Vegetables,100g,24.13,0.62,5.08,0.15,1.72,,USDA FoodData Central - Foundation Foods (2026-04-30),USDA_2747661,measured
"Peppers, poblano, seeded, raw",Vegetables,100g,27.99,1.43,5.14,0.19,2.07,,USDA FoodData Central - Foundation Foods (2026-04-30),USDA_2747662,measured
"Peppers, serrano, seeded, raw",Vegetables,100g,29.23,0.86,6.14,0.14,2.52,,USDA FoodData Central - Foundation Foods (2026-04-30),USDA_2747663,measured
"Pickles, cucumber, dill or kosher dill",Vegetables,100g,12.0,0.48,1.99,0.43,1.0,,USDA FoodData Central - Foundation Foods (2026-04-30),USDA_324653,measured
"Pineapple, raw",Fruits,100g,60.11,0.46,14.09,0.21,0.93,,USDA FoodData Central - Foundation Foods (2026-04-30),USDA_2346398,measured
"Plantains, overripe, raw",Fruits,100g,130.34,1.17,29.19,0.99,1.79,,USDA FoodData Central - Foundation Foods (2026-04-30),USDA_2710843,measured
"Plantains, ripe, raw",Fruits,100g,136.47,1.16,30.95,0.89,2.12,,USDA FoodData Central - Foundation Foods (2026-04-30),USDA_2710817,measured
"Plantains, underripe, raw",Fruits,100g,145.43,1.23,33.59,0.68,2.53,,USDA FoodData Central - Foundation Foods (2026-04-30),USDA_2710818,measured
"Plum, black, with skin, raw",Fruits,100g,58.68,0.58,13.46,0.28,1.35,,USDA FoodData Central - Foundation Foods (2026-04-30),USDA_2710837,measured
"Potatoes, gold, without skin, raw",Vegetables,100g,73.47,1.81,15.96,0.26,13.83,,USDA FoodData Central - Foundation Foods (2026-04-30),USDA_2346403,measured
"Potatoes, red, without skin, raw",Vegetables,100g,75.56,2.06,16.27,0.25,13.79,,USDA FoodData Central - Foundation Foods (2026-04-30),USDA_2346402,measured
"Potatoes, russet, without skin, raw",Vegetables,100g,83.42,2.27,17.77,0.36,14.93,,USDA FoodData Central - Foundation Foods (2026-04-30),USDA_2346401,measured
"Radicchio, raw",Vegetables,100g,26.37,1.31,4.96,0.14,2.11,,USDA FoodData Central - Foundation Foods (2026-04-30),USDA_2747664,measured
"Radishes, red, raw",Vegetables,100g,19.6,0.66,4.06,0.08,1.31,,USDA FoodData Central - Foundation Foods (2026-04-30),USDA_2747665,measured
"Rice, black, unenriched, raw",Grains,100g,369.97,7.57,77.19,3.44,4.18,,USDA FoodData Central - Foundation Foods (2026-04-30),USDA_2710825,measured
"Rice, brown, long grain, unenriched, raw",Grains,100g,365.52,7.25,76.69,3.31,3.02,,USDA FoodData Central - Foundation Foods (2026-04-30),USDA_2512380,measured
"Rice, red, unenriched, dry, raw",Grains,100g,369.83,8.56,76.15,3.44,4.2,,USDA FoodData Central - Foundation Foods (2026-04-30),USDA_2710838,measured
"Rice, white, long grain, unenriched, raw",Grains,100g,358.7,7.04,80.31,1.03,0.15,,USDA FoodData Central - Foundation Foods (2026-04-30),USDA_2512381,measured
"Seeds, pumpkin seeds (pepitas), raw",Proteins,100g,554.6,29.91,18.68,40.03,5.08,,USDA FoodData Central - Foundation Foods (2026-04-30),USDA_2515380,measured
"Seeds, sunflower seed kernels, dry roasted, with salt added",Proteins,100g,612.0,21.0,17.1,56.1,10.3,,USDA FoodData Central - Foundation Foods (2026-04-30),USDA_325524,measured
"Seeds, sunflower seed, kernel, raw",Proteins,100g,609.46,18.87,24.5,48.44,7.22,,USDA FoodData Central - Foundation Foods (2026-04-30),USDA_2515381,measured
"Sesame butter, creamy",Proteins,100g,697.14,19.71,14.18,62.4,8.37,Dairy,USDA FoodData Central - Foundation Foods (2026-04-30),USDA_2262073,measured
"Sorghum bran, white, unenriched, dry, raw",Grains,100g,402.79,11.17,68.7,9.26,34.95,,USDA FoodData Central - Foundation Foods (2026-04-30),USDA_2710839,measured
"Sorghum flour, white, pearled, unenriched, dry, raw",Grains,100g,364.02,10.21,73.51,3.24,3.3,Gluten,USDA FoodData Central - Foundation Foods (2026-04-30),USDA_2710840,measured
"Sorghum grain, white, pearled, unenriched, dry, raw",Grains,100g,369.87,10.25,74.87,3.26,3.92,,USDA FoodData Central - Foundation Foods (2026-04-30),USDA_2710841,measured
"Sorghum, whole grain, white, dry, raw",Grains,100g,372.59,10.08,73.57,4.22,8.27,,USDA FoodData Central - Foundation Foods (2026-04-30),USDA_2710842,measured
"Soy milk, sweetened, plain, refrigerated",Legumes,100g,40.7,2.78,3.0,1.96,0.0,"Dairy, Soy",USDA FoodData Central - Foundation Foods (2026-04-30),USDA_2257044,measured
"Soy milk, unsweetened, plain, shelf stable",Legumes,100g,38.48,3.55,1.29,2.12,0.0,"Dairy, Soy",USDA FoodData Central - Foundation Foods (2026-04-30),USDA_1750337,measured
"Spinach, baby",Vegetables,100g,26.6,2.85,2.41,0.62,1.56,,USDA FoodData Central - Foundation Foods (2026-04-30),USDA_1750352,measured
"Spinach, mature",Vegetables,100g,27.63,2.91,2.64,0.6,1.59,,USDA FoodData Central - Foundation Foods (2026-04-30),USDA_1750353,measured
"Squash, summer, green, zucchini, includes skin, raw",Vegetables,100g,19.0,0.98,3.27,0.2,0.75,,USDA FoodData Central - Foundation Foods (2026-04-30),USDA_2685568,measured
"Squash, summer, yellow, includes skin, raw",Vegetables,100g,22.0,0.89,4.39,0.14,0.96,,USDA FoodData Central - Foundation Foods (2026-04-30),USDA_2685569,measured
"Squash, winter, acorn, raw",Vegetables,100g,48.56,1.25,10.48,0.18,2.64,,USDA FoodData Central - Foundation Foods (2026-04-30),USDA_2685571,measured
"Squash, winter, butternut, raw",Vegetables,100g,48.13,1.15,10.51,0.17,1.96,Dairy,USDA FoodData Central - Foundation Foods (2026-04-30),USDA_2685570,measured
"Strawberries, raw",Fruits,100g,31.0,0.64,7.63,0.22,1.8,,USDA FoodData Central - Foundation Foods (2026-04-30),USDA_327699,measured
"Sweet potatoes, orange flesh, without skin, raw",Vegetables,100g,79.0,1.58,17.33,0.38,4.44,,USDA FoodData Central - Foundation Foods (2026-04-30),USDA_2346404,measured
"Tomato, paste, canned, without salt added",Vegetables,100g,104.28,4.23,20.19,0.73,4.7,,USDA FoodData Central - Foundation Foods (2026-04-30),USDA_2685580,measured
"Tomato, puree, canned",Vegetables,100g,40.84,1.58,8.04,0.26,1.97,,USDA FoodData Central - Foundation Foods (2026-04-30),USDA_2685582,measured
"Tomato, roma",Vegetables,100g,21.96,0.7,3.84,0.42,0.97,,USDA FoodData Central - Foundation Foods (2026-04-30),USDA_1750354,measured
"Tomato, sauce, canned, with salt added",Vegetables,100g,34.18,1.35,6.33,0.38,1.64,,USDA FoodData Central - Foundation Foods (2026-04-30),USDA_2685579,measured
"Tomatoes, crushed, canned",Vegetables,100g,37.88,1.44,7.14,0.4,1.94,,USDA FoodData Central - Foundation Foods (2026-04-30),USDA_2685581,measured
"Tomatoes, grape, raw",Vegetables,100g,27.0,0.83,5.51,0.63,2.1,,USDA FoodData Central - Foundation Foods (2026-04-30),USDA_321360,measured
"Tomatoes, whole, canned, solids and liquids, with salt added",Vegetables,100g,22.48,0.87,4.29,0.21,0.87,,USDA FoodData Central - Foundation Foods (2026-04-30),USDA_2685578,measured
"Turnips, raw",Vegetables,100g,33.98,0.95,7.27,0.12,1.92,,USDA FoodData Central - Foundation Foods (2026-04-30),USDA_2747674,measured
"Watermelon, seedless, rind only, raw",Fruits,100g,19.42,0.53,4.17,0.07,1.54,,USDA FoodData Central - Foundation Foods (2026-04-30),USDA_2747676,measured
"Wild rice, dry, raw",Grains,100g,369.16,12.79,75.67,1.7,4.26,,USDA FoodData Central - Foundation Foods (2026-04-30),USDA_2710821,measured
"Yogurt, Greek, strawberry, nonfat",Dairy,100g,83.0,8.06,12.2,0.15,0.6,Dairy,USDA FoodData Central - Foundation Foods (2026-04-30),USDA_330415,measured
